dataset,threshold_used,precision,recall,f1_score,roc_auc,pr_auc,tp,fp,fn,tn
under,0.09909090909090908,0.2772913018096906,0.9958071278825996,0.4337899543378995,0.9259320934917163,0.7161721429947233,475,1238,2,1368
